CREATE TABLE MATA_KULIAH (
    KODE_MATKUL CHAR(10) PRIMARY KEY,
    NAMA TEXT NOT NULL,
    SKS INT NOT NULL
);

INSERT INTO MATA_KULIAH VALUES
    ('CSGE602012','Aljabar Linier',3),
	('CSCM603117','Analisis Numerik',3),
	('CSGE602070','Basis Data',4),
	('CSGE601020','Dasar-Dasar Pemrograman 1',4),
	('CSGE601021','Dasar-Dasar Pemrograman 2',4),
	('CSCM603142','Desain dan Analisis Algoritma',4),
	('CSCM603154','Jaringan Komputer',3),
	('CSGE601012','Kalkulus 1',3),
	('CSCM601213','Kalkulus 2',3),
	('CSGE603130','Kecerdasan Artifisial dan Sains Data Dasar',4),
	('CSGE604097','Kerja Praktik',6),
	('CSGE614093','Komputer & Masyarakat',3),
	('UIGE600004','Mata Kuliah Pengembangan Kepribadian (MPK) Agama',2),
	('UIGE600003','Mata Kuliah Pengembangan Kepribadian (MPK) Bahasa Inggris',2),
	('UIGE600007','Mata Kuliah Pengembangan Kepribadian (MPK) Terintegrasi',6),
	('CSGE601010','Matematika Diskret 1',3),
	('CSGE601011','Matematika Diskret 2',3),
	('CSGE603091','Metodologi Penelitian dan Penulisan Ilmiah',3),
	('CSGE602022','Pemrograman Berbasis Platform',4),
	('CSCM602223','Pemrograman Lanjut',4),
	('CSGE602023','Pengantar Keamanan Perangkat Lunak',3),
	('CSCM601252','Pengantar Organisasi Komputer',3),
	('CSCM601150','Pengantar Sistem Digital',4),
	('CSCM603228','Proyek Perangkat Lunak',6),
	('CSCM603125','Rekayasa Perangkat Lunak',3),
	('CSGE602024','Sistem Interaksi',3),
	('CSCM602055','Sistem Operasi',4),
	('CSCM602013','Statistika dan Probabilitas',3),
	('CSGE602040','Struktur Data dan Algoritma',4),
	('CSCM602241','Teori Bahasa & Automata',4),
	('CSGE604099','Tugas Akhir Individu',6),
	('CSGE604098','Tugas Akhir Proyek Kelompok',4),
	('CSIE604274','Administrasi Sistem',3),
	('CSCE604271','Arsitektur Aplikasi Web',3),
	('CSCE604174','Basis Data Lanjut',3),
	('CSCE604230','Bioinformatika',3),
	('CSCE604133','Computer Vision',3),
	('CSCE604038','Deep Learning',4),
	('CSCE604258','Ethical Hacking',4),
	('CSCE604156','Forensik Digital',4),
	('CSCE604021','Game Development',3),
	('CSCE604045','Geometri Komputasional',3),
	('CSCE604131','Graf Pengetahuan',3),
	('CSCE604078','Internet of Things',3),
	('CSCE604172','Komputasi Awan',3),
	('CSCE604243','Kriptografi dan Keamanan Informasi',4),
	('CSCE604235','Pemelajaran Mesin',4),
	('CSCE604123','Pemrograman Fungsional',4),
	('CSCE604226','Pemrograman Kompetitif',3),
	('CSCE604222','Pemrograman Logika',4),
	('CSCE604229','Pemrograman Paralel',4),
	('CSCE604227','Pemrograman Sistem',3),
	('CSCE604032','Pemrosesan Bahasa Lisan',3),
	('CSCE604037','Penambangan Data',3),
	('CSCE604183','Pengajaran Berbantuan Komputer',3),
	('CSCE604031','Pengolahan Bahasa Manusia',3),
	('CSCE604126','Penjaminan Mutu Perangkat Lunak',4),
	('CSCE604212','Persamaan Differensial',3),
	('CSCE604225','Praktikum Pemrograman Kompetitif',1),
	('CSCE604111','Simulasi dan Pemodelan',3),
	('CSCE604254','Sistem Terdistribusi',3),
	('CSCE604036','Representasi Pengetahuan dan Penalaran',3),
	('CSCE604232','Robotika',3),
	('CSCE604151','Sistem Tertanam',3),
	('CSCE604028','Software Product Line Engineering',3),
	('CSIE604290','Technopreneurship',3),
	('CSCE604128','Teknik Kompilator',4),
	('CSCE604179','Teknologi Mobile',3),
	('CSCE604135','Temu-balik Informasi',4),
	('CSCE604029','Topik Khusus Ilmu Komputer',3);

CREATE TABLE PRASYARAT (
    KODE_MATKUL CHAR(10),
    KODE_PRASYARAT CHAR(10),
    PRIMARY KEY(KODE_MATKUL, KODE_PRASYARAT),
    FOREIGN KEY(KODE_MATKUL) REFERENCES MATA_KULIAH(KODE_MATKUL),
    FOREIGN KEY(KODE_PRASYARAT) REFERENCES MATA_KULIAH(KODE_MATKUL)
);

INSERT INTO PRASYARAT VALUES
    ('CSCM603117','CSGE602012'),
	('CSCM603117','CSCM601213'),
	('CSGE602070','CSGE601021'),
	('CSGE601021','CSGE601020'),
	('CSCM603142','CSGE602040'),
	('CSCM603154','CSGE601020'),
	('CSCM603154','CSCM602055'),
	('CSCM601213','CSGE601012'),
	('CSGE603130','CSCM602013'),
	('CSGE603130','CSGE602040'),
	('CSGE603130','CSGE602012'),
	('CSGE602022','CSGE601020'),
	('CSCM602223','CSGE601021'),
	('CSCM602223','CSGE602022'),
	('CSGE602023','CSGE601021'),
	('CSCM601252','CSCM601150'),
	('CSCM603228','CSCM603125'),
	('CSCM603228','CSGE602070'),
	('CSCM603228','CSCM602223'),
	('CSCM603125','CSGE601021'),
	('CSGE602024','CSGE602022'),
	('CSCM602055','CSCM601252'),
	('CSCM602013','CSGE601012'),
	('CSCM602013','CSGE601010'),
	('CSGE602040','CSGE601020'),
	('CSCM602241','CSGE601010'),
	('CSCM602241','CSGE601011'),
	('CSGE604099','CSGE603091'),
	('CSGE604098','CSGE603091'),
	('CSIE604274','CSCM603154'),
	('CSCE604271','CSCM603154'),
	('CSCE604271','CSGE602022'),
	('CSCE604174','CSGE602070'),
	('CSCE604230','CSCM602013'),
	('CSCE604230','CSGE602040'),
	('CSCE604133','CSGE603130'),
	('CSCE604038','CSGE603130'),
	('CSCE604258','CSCM601252'),
	('CSCE604258','CSGE601020'),
	('CSCE604156','CSCM603154'),
	('CSCE604021','CSGE602040'),
	('CSCE604045','CSGE602040'),
	('CSCE604131','CSGE601011'),
	('CSCE604131','CSGE602070'),
	('CSCE604078','CSCM603154'),
	('CSCE604172','CSCM603154'),
	('CSCE604243','CSGE601010'),
	('CSCE604243','CSGE601011'),
	('CSCE604243','CSCM602013'),
	('CSCE604235','CSGE603130'),
	('CSCE604123','CSGE602040'),
	('CSCE604226','CSGE602040'),
	('CSCE604222','CSGE601010'),
	('CSCE604222','CSGE601020'),
	('CSCE604229','CSCM601213'),
	('CSCE604229','CSCM602055'),
	('CSCE604229','CSGE601021'),
	('CSCE604229','CSGE602012'),
	('CSCE604227','CSCM602055'),
	('CSCE604227','CSGE602040'),
	('CSCE604032','CSGE603130'),
	('CSCE604037','CSGE602070'),
	('CSCE604037','CSGE603130'),
	('CSCE604183','CSGE602022'),
	('CSCE604031','CSCM602241'),
	('CSCE604126','CSCM603125'),
	('CSCE604212','CSCM601213'),
	('CSCE604212','CSGE602012'),
	('CSCE604225','CSGE602040'),
	('CSCE604111','CSCM602013'),
	('CSCE604254','CSCM603154'),
	('CSCE604036','CSGE601010'),
	('CSCE604036','CSGE601011'),
	('CSCE604232','CSCM601252'),
	('CSCE604232','CSGE603130'),
	('CSCE604151','CSCM601252'),
	('CSCE604028','CSCM603125'),
	('CSCE604128','CSCM602241'),
	('CSCE604128','CSGE602040'),
	('CSCE604179','CSCM603154'),
	('CSCE604135','CSGE603130');

CREATE TABLE PRASYARAT_SKS (
    KODE_MATKUL CHAR(10),
    PRASYARAT_SKS INT NOT NULL,
    PRIMARY KEY(KODE_MATKUL),
    FOREIGN KEY(KODE_MATKUL) REFERENCES MATA_KULIAH(KODE_MATKUL)
);

INSERT INTO PRASYARAT_SKS VALUES
    ('CSGE604097',100),
	('CSGE614093',100),
	('CSCE604029',100);

CREATE TABLE EVALUASI (
    KODE_MATKUL CHAR(10),
    METODE_EVALUASI TEXT,
    PRIMARY KEY(KODE_MATKUL, METODE_EVALUASI),
    FOREIGN KEY(KODE_MATKUL) REFERENCES MATA_KULIAH(KODE_MATKUL)
);

INSERT INTO EVALUASI VALUES
    ('CSGE602012','Ujian'),
	('CSGE602012','Diskusi'),
	('CSGE602012','Tugas'),
	('CSCM603117','Ujian'),
	('CSCM603117','Tugas'),
	('CSGE602070','Ujian'),
	('CSGE602070','Proyek Kelompok'),
	('CSGE601020','Ujian'),
	('CSGE601020','Tugas Pemrograman'),
	('CSGE601020','Demo'),
	('CSGE601021','Ujian'),
	('CSGE601021','Tugas Pemrograman'),
	('CSGE601021','Demo'),
	('CSCM603142','Ujian'),
	('CSCM603142','Tugas lab'),
	('CSCM603142','Proyek pemrograman'),
	('CSCM603142','Demo'),
	('CSCM603154','Ujian'),
	('CSCM603154','Proyek Kelompok'),
	('CSCM603154','Tugas'),
	('CSGE601012','Ujian'),
	('CSGE601012','Tugas'),
	('CSCM601213','Ujian'),
	('CSCM601213','Tugas'),
	('CSGE603130','Ujian'),
	('CSGE603130','Proyek Kelompok'),
	('CSGE604097','Presentasi'),
	('CSGE604097','Dokumen Laporan'),
	('CSGE604097','Penilaian Penyelia'),
	('CSGE614093','Ujian'),
	('CSGE614093','Diskusi Group'),
	('CSGE614093','Tugas'),
	('UIGE600004','Ujian'),
	('UIGE600004','Tugas'),
	('UIGE600003','Ujian'),
	('UIGE600007','Tugas Kelompok'),
	('UIGE600007','Ujian'),
	('CSGE601010','Ujian'),
	('CSGE601010','Tugas'),
	('CSGE601011','Ujian'),
	('CSGE601011','Tugas'),
	('CSGE603091','Tugas'),
	('CSGE603091','Proyek Kelompok'),
	('CSGE602022','Ujian'),
	('CSGE602022','Proyek Kelompok'),
	('CSCM602223','Tugas lab'),
	('CSCM602223','Presentasi'),
	('CSGE602023','Tugas lap'),
	('CSGE602023','Proyek Kelompok'),
	('CSCM601252','Ujian'),
	('CSCM601252','Tugas'),
	('CSCM601150','Ujian'),
	('CSCM601150','Tugas'),
	('CSCM603228','Individual Review'),
	('CSCM603228','Proyek Kelompok'),
	('CSCM603228','Presentasi'),
	('CSCM603125','Tugas'),
	('CSCM603125','Proyek Kelompok'),
	('CSGE602024','Ujian'),
	('CSGE602024','Proyek Kelompok'),
	('CSCM602055','Ujian'),
	('CSCM602055','Tugas'),
	('CSCM602013','Ujian'),
	('CSCM602013','Tugas Pemrograman'),
	('CSGE602040','Ujian'),
	('CSGE602040','Proyek Pemrograman'),
	('CSCM602241','Ujian'),
	('CSCM602241','Tugas Lab'),
	('CSGE604099','Dokumen Laporan'),
	('CSGE604099','Evaluasi Pembimbing'),
	('CSGE604099','Presentasi'),
	('CSGE604098','Dokumen Laporan'),
	('CSGE604098','Evaluasi Pembimbing'),
	('CSGE604098','Presentasi'),
	('CSIE604274','Tugas'),
	('CSIE604274','Ujian'),
	('CSCE604271','Tugas Lab'),
	('CSCE604271','Proyek Kelompok'),
	('CSCE604174','Tugas Lab'),
	('CSCE604230','Tugas Pemrograman'),
	('CSCE604230','Proyek'),
	('CSCE604133','Tugas Lab'),
	('CSCE604133','Proyek'),
	('CSCE604038','Tugas Pemrograman'),
	('CSCE604038','Proyek Akhir'),
	('CSCE604258','Tugas Kelompok'),
	('CSCE604258','Capture The Flag'),
	('CSCE604156','Tugas'),
	('CSCE604156','Ujian'),
	('CSCE604021','Proyek Kelompok'),
	('CSCE604045','Tugas Pemrograman'),
	('CSCE604131','Proyek Kelompok'),
	('CSCE604131','Ujian'),
	('CSCE604078','Tugas'),
	('CSCE604078','Proyek Kelompok'),
	('CSCE604172','Proyek Akhir'),
	('CSCE604172','Ujian'),
	('CSCE604243','Tugas Pemrograman'),
	('CSCE604243','Ujian'),
	('CSCE604235','Tugas'),
	('CSCE604235','Ujian'),
	('CSCE604123','Tugas Lab'),
	('CSCE604123','Proyek'),
	('CSCE604123','Presentasi'),
	('CSCE604123','Ujian'),
	('CSCE604226','Tugas Pemrograman'),
	('CSCE604222','Proyek'),
	('CSCE604222','Tugas Pemrograman'),
	('CSCE604229','Tugas Pemrograman'),
	('CSCE604229','Ujian'),
	('CSCE604227','Tugas'),
	('CSCE604227','Proyek'),
	('CSCE604032','Tugas Lab'),
	('CSCE604032','Proyek'),
	('CSCE604037','Proyek Kelompok'),
	('CSCE604037','Ujian'),
	('CSCE604183','Tugas Kelompok'),
	('CSCE604183','Presentasi Kelompok'),
	('CSCE604183','Ujian'),
	('CSCE604031','Tugas'),
	('CSCE604031','Ujian'),
	('CSCE604126','Tugas Kelompok'),
	('CSCE604126','Ujian'),
	('CSCE604212','Tugas'),
	('CSCE604212','Ujian'),
	('CSCE604225','Kegiatan Pemrograman'),
	('CSCE604111','Tugas'),
	('CSCE604111','Ujian'),
	('CSCE604254','Tugas'),
	('CSCE604254','Proyek Kelompok'),
	('CSCE604036','Tugas Lab'),
	('CSCE604036','Proyek Kelompok'),
	('CSCE604232','Tugas Laboratorium'),
	('CSCE604232','Ujian'),
	('CSCE604151','Ujian'),
	('CSCE604151','Tugas Lab'),
	('CSCE604028','Praktikum'),
	('CSCE604028','Proyek'),
	('CSCE604028','Studi Kasus'),
	('CSIE604290','Tugas'),
	('CSIE604290','Ujian'),
	('CSCE604128','Ujian'),
	('CSCE604128','Tugas Pemrograman'),
	('CSCE604179','Tugas'),
	('CSCE604179','Ujian'),
	('CSCE604135','Tugas Pemrograman'),
	('CSCE604135','Tugas Kelompok'),
	('CSCE604135','Ujian'),
	('CSCE604029','Tugas'),
	('CSCE604029','Ujian');

CREATE TABLE WORKSHOP (
    KODE_MATKUL CHAR(10),
    WORKSHOP TEXT NOT NULL,
    PRIMARY KEY(KODE_MATKUL),
    FOREIGN KEY(KODE_MATKUL) REFERENCES MATA_KULIAH(KODE_MATKUL)
);

INSERT INTO WORKSHOP VALUES
    ('CSCM603117','Latihan dengan pemrograman'),
	('CSGE602070','Praktikum Pemrograman di Lab'),
	('CSGE601020','Praktikum Pemrograman di Lab'),
	('CSGE601021','Praktikum Pemrograman di Lab'),
	('CSCM603142','Lab Komputer untuk mengerjakan Latihan pemrograman'),
	('CSCM603154','Praktikum Pemrograman di Lab'),
	('CSGE603130','Praktikum Pemrograman di Lab'),
	('CSGE604097','Bergantung dengan jenis pekerjaan'),
	('CSGE603091','Lab Komputer untuk membantu penelitian mini'),
	('CSGE602022','Praktikum Pemrograman di Lab'),
	('CSCM602223','Praktikum Pemrograman di Lab'),
	('CSGE602023','Praktikum Pemrograman di Lab'),
	('CSCM601252','Praktikum Pemrograman di Lab'),
	('CSCM601150','Praktikum Pemrograman di Lab'),
	('CSCM603228','Praktikum Pemrograman di Lab'),
	('CSCM603125','Lab Komputer untuk membuat rancangan dasar PL'),
	('CSGE602024','Lab Komputer untuk rancangan UI/UX'),
	('CSCM602055','Lab Komputer untuk tugas pemrograman'),
	('CSCM602013','Praktikum Pemrograman di Lab'),
	('CSGE602040','Praktikum Pemrograman di Lab'),
	('CSCM602241','Praktikum Pemrograman di Lab'),
	('CSGE604099','Lab Komputer untuk pemrograman dan penelitian'),
	('CSGE604098','Lab Komputer untuk pemrograman dan penelitian'),
	('CSIE604274','Praktikum Pemrograman di Lab'),
	('CSCE604271','Praktikum Pemrograman di Lab'),
	('CSCE604174','Praktikum Pemrograman di Lab'),
	('CSCE604230','Praktikum Pemrograman di Lab'),
	('CSCE604133','Praktikum Pemrograman di Lab'),
	('CSCE604038','Praktikum Pemrograman di Lab'),
	('CSCE604258','Praktikum Pemrograman di Lab'),
	('CSCE604156','Praktikum Pemrograman di Lab'),
	('CSCE604021','Praktikum Pemrograman di Lab'),
	('CSCE604045','Praktikum Pemrograman di Lab'),
	('CSCE604131','Praktikum Pemrograman di Lab'),
	('CSCE604078','Praktikum Pemrograman di Lab'),
	('CSCE604172','Praktikum Pemrograman di Lab'),
	('CSCE604243','Praktikum Pemrograman di Lab'),
	('CSCE604235','Praktikum Pemrograman di Lab'),
	('CSCE604123','Praktikum Pemrograman di Lab'),
	('CSCE604226','Praktikum Pemrograman di Lab'),
	('CSCE604222','Praktikum Pemrograman di Lab'),
	('CSCE604229','Praktikum Pemrograman di Lab'),
	('CSCE604227','Praktikum Pemrograman di Lab'),
	('CSCE604032','Praktikum Pemrograman di Lab'),
	('CSCE604037','Praktikum Pemrograman di Lab'),
	('CSCE604183','Lab Komputer untuk rancangan proyek kelompok'),
	('CSCE604031','Praktikum Pemrograman di Lab'),
	('CSCE604126','Praktikum Pemrograman di Lab'),
	('CSCE604212','Praktikum Pemrograman di Lab'),
	('CSCE604225','Praktikum Pemrograman di Lab'),
	('CSCE604111','Praktikum Pemrograman di Lab'),
	('CSCE604254','Praktikum Pemrograman di Lab'),
	('CSCE604036','Praktikum Pemrograman di Lab'),
	('CSCE604232','Praktikum Pemrograman di Lab'),
	('CSCE604151','Praktikum Pemrograman di Lab'),
	('CSCE604028','Praktikum Pemrograman di Lab'),
	('CSCE604128','Praktikum Pemrograman di Lab'),
	('CSCE604179','Praktikum Pemrograman di Lab'),
	('CSCE604135','Praktikum Pemrograman di Lab'),
	('CSCE604029','Praktikum Pemrograman di Lab');

CREATE TABLE CPL (
    KODE_MATKUL CHAR(10),
    CPL INT,
    PRIMARY KEY(KODE_MATKUL, CPL),
    FOREIGN KEY (KODE_MATKUL) REFERENCES MATA_KULIAH(KODE_MATKUL)
);

INSERT INTO CPL VALUES
    ('CSGE602012',6),
	('CSCM603117',6),
	('CSGE602070',5),
	('CSGE601020',5),
	('CSGE601021',5),
	('CSCM603142',6),
	('CSCM603154',4),
	('CSCM603154',5),
	('CSGE601012',6),
	('CSCM601213',6),
	('CSGE603130',6),
	('CSGE604097',1),
	('CSGE604097',2),
	('CSGE604097',3),
	('CSGE604097',4),
	('CSGE604097',5),
	('CSGE614093',1),
	('CSGE614093',3),
	('UIGE600004',1),
	('UIGE600003',1),
	('UIGE600007',1),
	('UIGE600007',2),
	('CSGE601010',6),
	('CSGE601011',6),
	('CSGE603091',1),
	('CSGE603091',2),
	('CSGE603091',3),
	('CSGE602022',2),
	('CSGE602022',5),
	('CSCM602223',2),
	('CSCM602223',4),
	('CSCM602223',5),
	('CSGE602023',5),
	('CSCM601252',6),
	('CSCM601150',6),
	('CSCM603228',1),
	('CSCM603228',2),
	('CSCM603228',3),
	('CSCM603228',4),
	('CSCM603228',5),
	('CSCM603125',1),
	('CSCM603125',2),
	('CSCM603125',4),
	('CSCM603125',5),
	('CSGE602024',1),
	('CSGE602024',2),
	('CSGE602024',5),
	('CSCM602055',5),
	('CSCM602013',6),
	('CSGE602040',5),
	('CSCM602241',6),
	('CSGE604099',1),
	('CSGE604099',4),
	('CSGE604099',5),
	('CSGE604099',6),
	('CSGE604098',1),
	('CSGE604098',2),
	('CSGE604098',4),
	('CSGE604098',5),
	('CSGE604098',6),
	('CSIE604274',5),
	('CSCE604271',2),
	('CSCE604271',5),
	('CSCE604174',5),
	('CSCE604230',2),
	('CSCE604230',6),
	('CSCE604133',2),
	('CSCE604133',6),
	('CSCE604038',6),
	('CSCE604258',5),
	('CSCE604156',5),
	('CSCE604021',2),
	('CSCE604021',5),
	('CSCE604045',6),
	('CSCE604131',6),
	('CSCE604172',5),
	('CSCE604243',6),
	('CSCE604235',6),
	('CSCE604123',5),
	('CSCE604226',6),
	('CSCE604222',6),
	('CSCE604229',6),
	('CSCE604227',5),
	('CSCE604032',2),
	('CSCE604032',6),
	('CSCE604037',6),
	('CSCE604183',2),
	('CSCE604183',5),
	('CSCE604031',6),
	('CSCE604126',5),
	('CSCE604212',6),
	('CSCE604225',6),
	('CSCE604111',6),
	('CSCE604254',2),
	('CSCE604254',5),
	('CSCE604036',2),
	('CSCE604036',6),
	('CSCE604232',6),
	('CSCE604151',5),
	('CSCE604028',4),
	('CSCE604028',5),
	('CSIE604290',1),
	('CSIE604290',2),
	('CSIE604290',3),
	('CSCE604128',6),
	('CSCE604179',5),
	('CSCE604135',6),
	('CSCE604029',6);